Name,Time
Yices/v-->v/V1/Chc/558/numPlain/3898/Compression/0.6895279158140895/VCore_Total/1684/VCorePlain/1126/VCoreVar/558/Variants/2,0.266143171
Yices/v-->v/V1*V2/Chc/1322/numPlain/3143/Compression/0.43001393608958216/VCore_Total/2309/VCorePlain/996/VCoreVar/1313/Variants/4,0.6792214103333333
Yices/v-->v/V1*V2*V3/Chc/1400/numPlain/3081/Compression/0.22435286784508815/VCore_Total/2326/VCorePlain/951/VCoreVar/1375/Variants/8,1.0577342553333333
Yices/v-->v/V1*V2*V3*V4/Chc/1478/numPlain/3011/Compression/0.11778550160073432/VCore_Total/2374/VCorePlain/929/VCoreVar/1445/Variants/16,1.8593667156666667
Yices/v-->v/V1*V2*V3*V4*V5/Chc/2159/numPlain/2695/Compression/6.495518204814074e-2/VCore_Total/2382/VCorePlain/621/VCoreVar/1761/Variants/32,4.557331528
Yices/v-->v/V1*V2*V3*V4*V5*V6/Chc/2827/numPlain/2152/Compression/3.38131445426035e-2/VCore_Total/2814/VCorePlain/510/VCoreVar/2304/Variants/64,12.885601534000001
Yices/v-->v/V1*V2*V3*V4*V5*V6*V7/Chc/3248/numPlain/1881/Compression/1.7402113646176727e-2/VCore_Total/2929/VCorePlain/354/VCoreVar/2575/Variants/128,32.554591677666664
Yices/v-->v/V1*V2*V3*V4*V5*V6*V7*V8/Chc/3633/numPlain/1562/Compression/8.931392725462844e-3/VCore_Total/3186/VCorePlain/292/VCoreVar/2894/Variants/256,81.97382810433334
Yices/v-->v/V1*V2*V3*V4*V5*V6*V7*V8*V9/Chc/3752/numPlain/1498/Compression/4.533901687595635e-3/VCore_Total/3213/VCorePlain/255/VCoreVar/2958/Variants/512,230.79531228366668
Yices/v-->v/V1*V2*V3*V4*V5*V6*V7*V8*V9*V10/Chc/3809/numPlain/1441/Compression/2.2627576375406533e-3/VCore_Total/3250/VCorePlain/235/VCoreVar/3015/Variants/1024,729.1661070056666
Yices/p-->v/V1/Chc/558/numPlain/3898/Compression/0.6895279158140895/VCore_Total/1684/VCorePlain/1126/VCoreVar/558/Variants/2,3.9803999853333334
Yices/p-->v/V1*V2/Chc/1322/numPlain/3143/Compression/0.43001393608958216/VCore_Total/2309/VCorePlain/996/VCoreVar/1313/Variants/4,9.11241427
Yices/p-->v/V1*V2*V3/Chc/1400/numPlain/3081/Compression/0.22435286784508815/VCore_Total/2326/VCorePlain/951/VCoreVar/1375/Variants/8,12.947413006333333
Yices/p-->v/V1*V2*V3*V4/Chc/1478/numPlain/3011/Compression/0.11778550160073432/VCore_Total/2374/VCorePlain/929/VCoreVar/1445/Variants/16,20.717290783333333
Yices/p-->v/V1*V2*V3*V4*V5/Chc/2159/numPlain/2695/Compression/6.495518204814074e-2/VCore_Total/2382/VCorePlain/621/VCoreVar/1761/Variants/32,42.22911169733333
Yices/p-->v/V1*V2*V3*V4*V5*V6/Chc/2827/numPlain/2152/Compression/3.38131445426035e-2/VCore_Total/2814/VCorePlain/510/VCoreVar/2304/Variants/64,86.42048665733334
Yices/p-->v/V1*V2*V3*V4*V5*V6*V7/Chc/3248/numPlain/1881/Compression/1.7402113646176727e-2/VCore_Total/2929/VCorePlain/354/VCoreVar/2575/Variants/128,170.497238987
Yices/p-->v/V1*V2*V3*V4*V5*V6*V7*V8/Chc/3633/numPlain/1562/Compression/8.931392725462844e-3/VCore_Total/3186/VCorePlain/292/VCoreVar/2894/Variants/256,331.5758400473333
Yices/p-->v/V1*V2*V3*V4*V5*V6*V7*V8*V9/Chc/3752/numPlain/1498/Compression/4.533901687595635e-3/VCore_Total/3213/VCorePlain/255/VCoreVar/2958/Variants/512,672.2258014463333
Yices/p-->v/V1*V2*V3*V4*V5*V6*V7*V8*V9*V10/Chc/3809/numPlain/1441/Compression/2.2627576375406533e-3/VCore_Total/3250/VCorePlain/235/VCoreVar/3015/Variants/1024,1335.1149170793333
Yices/p-->p/V1/Chc/558/numPlain/3898/Compression/0.6895279158140895/VCore_Total/1684/VCorePlain/1126/VCoreVar/558/Variants/2,4.040102915333333
Yices/p-->p/V1*V2/Chc/1322/numPlain/3143/Compression/0.43001393608958216/VCore_Total/2309/VCorePlain/996/VCoreVar/1313/Variants/4,9.301900577
Yices/p-->p/V1*V2*V3/Chc/1400/numPlain/3081/Compression/0.22435286784508815/VCore_Total/2326/VCorePlain/951/VCoreVar/1375/Variants/8,13.791045326999999
Yices/p-->p/V1*V2*V3*V4/Chc/1478/numPlain/3011/Compression/0.11778550160073432/VCore_Total/2374/VCorePlain/929/VCoreVar/1445/Variants/16,21.344604150333335
Yices/p-->p/V1*V2*V3*V4*V5/Chc/2159/numPlain/2695/Compression/6.495518204814074e-2/VCore_Total/2382/VCorePlain/621/VCoreVar/1761/Variants/32,48.814071311
Yices/p-->p/V1*V2*V3*V4*V5*V6/Chc/2827/numPlain/2152/Compression/3.38131445426035e-2/VCore_Total/2814/VCorePlain/510/VCoreVar/2304/Variants/64,106.23268810799999
Yices/p-->p/V1*V2*V3*V4*V5*V6*V7/Chc/3248/numPlain/1881/Compression/1.7402113646176727e-2/VCore_Total/2929/VCorePlain/354/VCoreVar/2575/Variants/128,214.96500422466667
Yices/p-->p/V1*V2*V3*V4*V5*V6*V7*V8/Chc/3633/numPlain/1562/Compression/8.931392725462844e-3/VCore_Total/3186/VCorePlain/292/VCoreVar/2894/Variants/256,430.12579950500003
Yices/p-->p/V1*V2*V3*V4*V5*V6*V7*V8*V9/Chc/3752/numPlain/1498/Compression/4.533901687595635e-3/VCore_Total/3213/VCorePlain/255/VCoreVar/2958/Variants/512,858.543970501
Yices/p-->p/V1*V2*V3*V4*V5*V6*V7*V8*V9*V10/Chc/3809/numPlain/1441/Compression/2.2627576375406533e-3/VCore_Total/3250/VCorePlain/235/VCoreVar/3015/Variants/1024,1742.646159635
Yices/v-->p/V1/Chc/558/numPlain/3898/Compression/0.6895279158140895/VCore_Total/1684/VCorePlain/1126/VCoreVar/558/Variants/2,4.030747165
Yices/v-->p/V1*V2/Chc/1322/numPlain/3143/Compression/0.43001393608958216/VCore_Total/2309/VCorePlain/996/VCoreVar/1313/Variants/4,9.305229115666666
Yices/v-->p/V1*V2*V3/Chc/1400/numPlain/3081/Compression/0.22435286784508815/VCore_Total/2326/VCorePlain/951/VCoreVar/1375/Variants/8,13.331432323
Yices/v-->p/V1*V2*V3*V4/Chc/1478/numPlain/3011/Compression/0.11778550160073432/VCore_Total/2374/VCorePlain/929/VCoreVar/1445/Variants/16,21.648467541666665
Yices/v-->p/V1*V2*V3*V4*V5/Chc/2159/numPlain/2695/Compression/6.495518204814074e-2/VCore_Total/2382/VCorePlain/621/VCoreVar/1761/Variants/32,48.940938092
Yices/v-->p/V1*V2*V3*V4*V5*V6/Chc/2827/numPlain/2152/Compression/3.38131445426035e-2/VCore_Total/2814/VCorePlain/510/VCoreVar/2304/Variants/64,105.69999650933333
Yices/v-->p/V1*V2*V3*V4*V5*V6*V7/Chc/3248/numPlain/1881/Compression/1.7402113646176727e-2/VCore_Total/2929/VCorePlain/354/VCoreVar/2575/Variants/128,215.65408492366666
Yices/v-->p/V1*V2*V3*V4*V5*V6*V7*V8/Chc/3633/numPlain/1562/Compression/8.931392725462844e-3/VCore_Total/3186/VCorePlain/292/VCoreVar/2894/Variants/256,432.41714131033336
Yices/v-->p/V1*V2*V3*V4*V5*V6*V7*V8*V9/Chc/3752/numPlain/1498/Compression/4.533901687595635e-3/VCore_Total/3213/VCorePlain/255/VCoreVar/2958/Variants/512,877.865970588
Yices/v-->p/V1*V2*V3*V4*V5*V6*V7*V8*V9*V10/Chc/3809/numPlain/1441/Compression/2.2627576375406533e-3/VCore_Total/3250/VCorePlain/235/VCoreVar/3015/Variants/1024,1822.4869948356666
CVC4/v-->v/V1/Chc/558/numPlain/3898/Compression/0.6895279158140895/VCore_Total/1684/VCorePlain/1126/VCoreVar/558/Variants/2,1.6032610296666665
CVC4/v-->v/V1*V2/Chc/1322/numPlain/3143/Compression/0.43001393608958216/VCore_Total/2309/VCorePlain/996/VCoreVar/1313/Variants/4,3.123253774
CVC4/v-->v/V1*V2*V3/Chc/1400/numPlain/3081/Compression/0.22435286784508815/VCore_Total/2326/VCorePlain/951/VCoreVar/1375/Variants/8,4.832131223333334
CVC4/v-->v/V1*V2*V3*V4/Chc/1478/numPlain/3011/Compression/0.11778550160073432/VCore_Total/2374/VCorePlain/929/VCoreVar/1445/Variants/16,8.251861955333334
CVC4/v-->v/V1*V2*V3*V4*V5/Chc/2159/numPlain/2695/Compression/6.495518204814074e-2/VCore_Total/2382/VCorePlain/621/VCoreVar/1761/Variants/32,19.390474346666668
CVC4/v-->v/V1*V2*V3*V4*V5*V6/Chc/2827/numPlain/2152/Compression/3.38131445426035e-2/VCore_Total/2814/VCorePlain/510/VCoreVar/2304/Variants/64,47.101947118666665
CVC4/v-->v/V1*V2*V3*V4*V5*V6*V7/Chc/3248/numPlain/1881/Compression/1.7402113646176727e-2/VCore_Total/2929/VCorePlain/354/VCoreVar/2575/Variants/128,101.69784569933334
CVC4/v-->v/V1*V2*V3*V4*V5*V6*V7*V8/Chc/3633/numPlain/1562/Compression/8.931392725462844e-3/VCore_Total/3186/VCorePlain/292/VCoreVar/2894/Variants/256,213.19567839866667
CVC4/v-->v/V1*V2*V3*V4*V5*V6*V7*V8*V9/Chc/3752/numPlain/1498/Compression/4.533901687595635e-3/VCore_Total/3213/VCorePlain/255/VCoreVar/2958/Variants/512,463.21830297566663
CVC4/v-->v/V1*V2*V3*V4*V5*V6*V7*V8*V9*V10/Chc/3809/numPlain/1441/Compression/2.2627576375406533e-3/VCore_Total/3250/VCorePlain/235/VCoreVar/3015/Variants/1024,1026.575386512
CVC4/p-->v/V1/Chc/558/numPlain/3898/Compression/0.6895279158140895/VCore_Total/1684/VCorePlain/1126/VCoreVar/558/Variants/2,4.415072031333334
CVC4/p-->v/V1*V2/Chc/1322/numPlain/3143/Compression/0.43001393608958216/VCore_Total/2309/VCorePlain/996/VCoreVar/1313/Variants/4,10.459257056333334
CVC4/p-->v/V1*V2*V3/Chc/1400/numPlain/3081/Compression/0.22435286784508815/VCore_Total/2326/VCorePlain/951/VCoreVar/1375/Variants/8,15.556321467333333
CVC4/p-->v/V1*V2*V3*V4/Chc/1478/numPlain/3011/Compression/0.11778550160073432/VCore_Total/2374/VCorePlain/929/VCoreVar/1445/Variants/16,25.951335796
CVC4/p-->v/V1*V2*V3*V4*V5/Chc/2159/numPlain/2695/Compression/6.495518204814074e-2/VCore_Total/2382/VCorePlain/621/VCoreVar/1761/Variants/32,56.90729219599999
CVC4/p-->v/V1*V2*V3*V4*V5*V6/Chc/2827/numPlain/2152/Compression/3.38131445426035e-2/VCore_Total/2814/VCorePlain/510/VCoreVar/2304/Variants/64,125.45251576233333
CVC4/p-->v/V1*V2*V3*V4*V5*V6*V7/Chc/3248/numPlain/1881/Compression/1.7402113646176727e-2/VCore_Total/2929/VCorePlain/354/VCoreVar/2575/Variants/128,250.09168961633335
CVC4/p-->v/V1*V2*V3*V4*V5*V6*V7*V8/Chc/3633/numPlain/1562/Compression/8.931392725462844e-3/VCore_Total/3186/VCorePlain/292/VCoreVar/2894/Variants/256,500.56076574733333
CVC4/p-->v/V1*V2*V3*V4*V5*V6*V7*V8*V9/Chc/3752/numPlain/1498/Compression/4.533901687595635e-3/VCore_Total/3213/VCorePlain/255/VCoreVar/2958/Variants/512,1011.1105032243332
CVC4/p-->v/V1*V2*V3*V4*V5*V6*V7*V8*V9*V10/Chc/3809/numPlain/1441/Compression/2.2627576375406533e-3/VCore_Total/3250/VCorePlain/235/VCoreVar/3015/Variants/1024,2034.9364560133333
CVC4/p-->p/V1/Chc/558/numPlain/3898/Compression/0.6895279158140895/VCore_Total/1684/VCorePlain/1126/VCoreVar/558/Variants/2,4.494318138333333
CVC4/p-->p/V1*V2/Chc/1322/numPlain/3143/Compression/0.43001393608958216/VCore_Total/2309/VCorePlain/996/VCoreVar/1313/Variants/4,10.800561703666666
CVC4/p-->p/V1*V2*V3/Chc/1400/numPlain/3081/Compression/0.22435286784508815/VCore_Total/2326/VCorePlain/951/VCoreVar/1375/Variants/8,16.891431237
CVC4/p-->p/V1*V2*V3*V4/Chc/1478/numPlain/3011/Compression/0.11778550160073432/VCore_Total/2374/VCorePlain/929/VCoreVar/1445/Variants/16,27.612566375333333
CVC4/p-->p/V1*V2*V3*V4*V5/Chc/2159/numPlain/2695/Compression/6.495518204814074e-2/VCore_Total/2382/VCorePlain/621/VCoreVar/1761/Variants/32,66.954704537
CVC4/p-->p/V1*V2*V3*V4*V5*V6/Chc/2827/numPlain/2152/Compression/3.38131445426035e-2/VCore_Total/2814/VCorePlain/510/VCoreVar/2304/Variants/64,149.87959253433334
CVC4/p-->p/V1*V2*V3*V4*V5*V6*V7/Chc/3248/numPlain/1881/Compression/1.7402113646176727e-2/VCore_Total/2929/VCorePlain/354/VCoreVar/2575/Variants/128,306.9858141066667
CVC4/p-->p/V1*V2*V3*V4*V5*V6*V7*V8/Chc/3633/numPlain/1562/Compression/8.931392725462844e-3/VCore_Total/3186/VCorePlain/292/VCoreVar/2894/Variants/256,623.8024964926666
CVC4/p-->p/V1*V2*V3*V4*V5*V6*V7*V8*V9/Chc/3752/numPlain/1498/Compression/4.533901687595635e-3/VCore_Total/3213/VCorePlain/255/VCoreVar/2958/Variants/512,1260.6902939486665
CVC4/p-->p/V1*V2*V3*V4*V5*V6*V7*V8*V9*V10/Chc/3809/numPlain/1441/Compression/2.2627576375406533e-3/VCore_Total/3250/VCorePlain/235/VCoreVar/3015/Variants/1024,2601.0127895513333
CVC4/v-->p/V1/Chc/558/numPlain/3898/Compression/0.6895279158140895/VCore_Total/1684/VCorePlain/1126/VCoreVar/558/Variants/2,4.488843086
CVC4/v-->p/V1*V2/Chc/1322/numPlain/3143/Compression/0.43001393608958216/VCore_Total/2309/VCorePlain/996/VCoreVar/1313/Variants/4,10.748723147
CVC4/v-->p/V1*V2*V3/Chc/1400/numPlain/3081/Compression/0.22435286784508815/VCore_Total/2326/VCorePlain/951/VCoreVar/1375/Variants/8,16.897349057666666
CVC4/v-->p/V1*V2*V3*V4/Chc/1478/numPlain/3011/Compression/0.11778550160073432/VCore_Total/2374/VCorePlain/929/VCoreVar/1445/Variants/16,28.570201166666667
CVC4/v-->p/V1*V2*V3*V4*V5/Chc/2159/numPlain/2695/Compression/6.495518204814074e-2/VCore_Total/2382/VCorePlain/621/VCoreVar/1761/Variants/32,67.384457505
CVC4/v-->p/V1*V2*V3*V4*V5*V6/Chc/2827/numPlain/2152/Compression/3.38131445426035e-2/VCore_Total/2814/VCorePlain/510/VCoreVar/2304/Variants/64,153.58168199633334
CVC4/v-->p/V1*V2*V3*V4*V5*V6*V7/Chc/3248/numPlain/1881/Compression/1.7402113646176727e-2/VCore_Total/2929/VCorePlain/354/VCoreVar/2575/Variants/128,309.6047106363333
CVC4/v-->p/V1*V2*V3*V4*V5*V6*V7*V8/Chc/3633/numPlain/1562/Compression/8.931392725462844e-3/VCore_Total/3186/VCorePlain/292/VCoreVar/2894/Variants/256,634.8882768196667
CVC4/v-->p/V1*V2*V3*V4*V5*V6*V7*V8*V9/Chc/3752/numPlain/1498/Compression/4.533901687595635e-3/VCore_Total/3213/VCorePlain/255/VCoreVar/2958/Variants/512,1270.7959276029999
CVC4/v-->p/V1*V2*V3*V4*V5*V6*V7*V8*V9*V10/Chc/3809/numPlain/1441/Compression/2.2627576375406533e-3/VCore_Total/3250/VCorePlain/235/VCoreVar/3015/Variants/1024,2576.451825503667
Boolector/v-->v/V1/Chc/558/numPlain/3898/Compression/0.6895279158140895/VCore_Total/1684/VCorePlain/1126/VCoreVar/558/Variants/2,1.1613045106666666
Boolector/v-->v/V1*V2/Chc/1322/numPlain/3143/Compression/0.43001393608958216/VCore_Total/2309/VCorePlain/996/VCoreVar/1313/Variants/4,2.2237308066666666
Boolector/v-->v/V1*V2*V3/Chc/1400/numPlain/3081/Compression/0.22435286784508815/VCore_Total/2326/VCorePlain/951/VCoreVar/1375/Variants/8,3.192252405666667
Boolector/v-->v/V1*V2*V3*V4/Chc/1478/numPlain/3011/Compression/0.11778550160073432/VCore_Total/2374/VCorePlain/929/VCoreVar/1445/Variants/16,5.480316001333333
Boolector/v-->v/V1*V2*V3*V4*V5/Chc/2159/numPlain/2695/Compression/6.495518204814074e-2/VCore_Total/2382/VCorePlain/621/VCoreVar/1761/Variants/32,13.268634132666667
Boolector/v-->v/V1*V2*V3*V4*V5*V6/Chc/2827/numPlain/2152/Compression/3.38131445426035e-2/VCore_Total/2814/VCorePlain/510/VCoreVar/2304/Variants/64,32.39097482366667
Boolector/v-->v/V1*V2*V3*V4*V5*V6*V7/Chc/3248/numPlain/1881/Compression/1.7402113646176727e-2/VCore_Total/2929/VCorePlain/354/VCoreVar/2575/Variants/128,69.14234463466667
Boolector/v-->v/V1*V2*V3*V4*V5*V6*V7*V8/Chc/3633/numPlain/1562/Compression/8.931392725462844e-3/VCore_Total/3186/VCorePlain/292/VCoreVar/2894/Variants/256,153.21171926433334
Boolector/v-->v/V1*V2*V3*V4*V5*V6*V7*V8*V9/Chc/3752/numPlain/1498/Compression/4.533901687595635e-3/VCore_Total/3213/VCorePlain/255/VCoreVar/2958/Variants/512,337.3840741093333
Boolector/v-->v/V1*V2*V3*V4*V5*V6*V7*V8*V9*V10/Chc/3809/numPlain/1441/Compression/2.2627576375406533e-3/VCore_Total/3250/VCorePlain/235/VCoreVar/3015/Variants/1024,788.7588336403334
Boolector/p-->v/V1/Chc/558/numPlain/3898/Compression/0.6895279158140895/VCore_Total/1684/VCorePlain/1126/VCoreVar/558/Variants/2,4.089530918
Boolector/p-->v/V1*V2/Chc/1322/numPlain/3143/Compression/0.43001393608958216/VCore_Total/2309/VCorePlain/996/VCoreVar/1313/Variants/4,9.128564609333333
Boolector/p-->v/V1*V2*V3/Chc/1400/numPlain/3081/Compression/0.22435286784508815/VCore_Total/2326/VCorePlain/951/VCoreVar/1375/Variants/8,13.306241528333333
Boolector/p-->v/V1*V2*V3*V4/Chc/1478/numPlain/3011/Compression/0.11778550160073432/VCore_Total/2374/VCorePlain/929/VCoreVar/1445/Variants/16,21.189046533
Boolector/p-->v/V1*V2*V3*V4*V5/Chc/2159/numPlain/2695/Compression/6.495518204814074e-2/VCore_Total/2382/VCorePlain/621/VCoreVar/1761/Variants/32,43.253642417
Boolector/p-->v/V1*V2*V3*V4*V5*V6/Chc/2827/numPlain/2152/Compression/3.38131445426035e-2/VCore_Total/2814/VCorePlain/510/VCoreVar/2304/Variants/64,87.77966459733334
Boolector/p-->v/V1*V2*V3*V4*V5*V6*V7/Chc/3248/numPlain/1881/Compression/1.7402113646176727e-2/VCore_Total/2929/VCorePlain/354/VCoreVar/2575/Variants/128,171.20337955566666
Boolector/p-->v/V1*V2*V3*V4*V5*V6*V7*V8/Chc/3633/numPlain/1562/Compression/8.931392725462844e-3/VCore_Total/3186/VCorePlain/292/VCoreVar/2894/Variants/256,335.37977402999996
Boolector/p-->v/V1*V2*V3*V4*V5*V6*V7*V8*V9/Chc/3752/numPlain/1498/Compression/4.533901687595635e-3/VCore_Total/3213/VCorePlain/255/VCoreVar/2958/Variants/512,675.082046657
Boolector/p-->v/V1*V2*V3*V4*V5*V6*V7*V8*V9*V10/Chc/3809/numPlain/1441/Compression/2.2627576375406533e-3/VCore_Total/3250/VCorePlain/235/VCoreVar/3015/Variants/1024,1343.020396519
Boolector/p-->p/V1/Chc/558/numPlain/3898/Compression/0.6895279158140895/VCore_Total/1684/VCorePlain/1126/VCoreVar/558/Variants/2,4.0902265049999995
Boolector/p-->p/V1*V2/Chc/1322/numPlain/3143/Compression/0.43001393608958216/VCore_Total/2309/VCorePlain/996/VCoreVar/1313/Variants/4,9.637703670666667
Boolector/p-->p/V1*V2*V3/Chc/1400/numPlain/3081/Compression/0.22435286784508815/VCore_Total/2326/VCorePlain/951/VCoreVar/1375/Variants/8,13.621319959
Boolector/p-->p/V1*V2*V3*V4/Chc/1478/numPlain/3011/Compression/0.11778550160073432/VCore_Total/2374/VCorePlain/929/VCoreVar/1445/Variants/16,21.969651093333336
Boolector/p-->p/V1*V2*V3*V4*V5/Chc/2159/numPlain/2695/Compression/6.495518204814074e-2/VCore_Total/2382/VCorePlain/621/VCoreVar/1761/Variants/32,50.177145778
Boolector/p-->p/V1*V2*V3*V4*V5*V6/Chc/2827/numPlain/2152/Compression/3.38131445426035e-2/VCore_Total/2814/VCorePlain/510/VCoreVar/2304/Variants/64,107.257584588
Boolector/p-->p/V1*V2*V3*V4*V5*V6*V7/Chc/3248/numPlain/1881/Compression/1.7402113646176727e-2/VCore_Total/2929/VCorePlain/354/VCoreVar/2575/Variants/128,212.69641860433333
Boolector/p-->p/V1*V2*V3*V4*V5*V6*V7*V8/Chc/3633/numPlain/1562/Compression/8.931392725462844e-3/VCore_Total/3186/VCorePlain/292/VCoreVar/2894/Variants/256,430.818330852
Boolector/p-->p/V1*V2*V3*V4*V5*V6*V7*V8*V9/Chc/3752/numPlain/1498/Compression/4.533901687595635e-3/VCore_Total/3213/VCorePlain/255/VCoreVar/2958/Variants/512,867.6055578703334
Boolector/p-->p/V1*V2*V3*V4*V5*V6*V7*V8*V9*V10/Chc/3809/numPlain/1441/Compression/2.2627576375406533e-3/VCore_Total/3250/VCorePlain/235/VCoreVar/3015/Variants/1024,1841.860587311
Boolector/v-->p/V1/Chc/558/numPlain/3898/Compression/0.6895279158140895/VCore_Total/1684/VCorePlain/1126/VCoreVar/558/Variants/2,4.0903264723333335
Boolector/v-->p/V1*V2/Chc/1322/numPlain/3143/Compression/0.43001393608958216/VCore_Total/2309/VCorePlain/996/VCoreVar/1313/Variants/4,9.379748666333333
Boolector/v-->p/V1*V2*V3/Chc/1400/numPlain/3081/Compression/0.22435286784508815/VCore_Total/2326/VCorePlain/951/VCoreVar/1375/Variants/8,13.580524307333334
Boolector/v-->p/V1*V2*V3*V4/Chc/1478/numPlain/3011/Compression/0.11778550160073432/VCore_Total/2374/VCorePlain/929/VCoreVar/1445/Variants/16,21.97334058
Boolector/v-->p/V1*V2*V3*V4*V5/Chc/2159/numPlain/2695/Compression/6.495518204814074e-2/VCore_Total/2382/VCorePlain/621/VCoreVar/1761/Variants/32,50.39722237066667
Boolector/v-->p/V1*V2*V3*V4*V5*V6/Chc/2827/numPlain/2152/Compression/3.38131445426035e-2/VCore_Total/2814/VCorePlain/510/VCoreVar/2304/Variants/64,110.29379442333334
Boolector/v-->p/V1*V2*V3*V4*V5*V6*V7/Chc/3248/numPlain/1881/Compression/1.7402113646176727e-2/VCore_Total/2929/VCorePlain/354/VCoreVar/2575/Variants/128,223.076257062
Boolector/v-->p/V1*V2*V3*V4*V5*V6*V7*V8/Chc/3633/numPlain/1562/Compression/8.931392725462844e-3/VCore_Total/3186/VCorePlain/292/VCoreVar/2894/Variants/256,445.647821093
Boolector/v-->p/V1*V2*V3*V4*V5*V6*V7*V8*V9/Chc/3752/numPlain/1498/Compression/4.533901687595635e-3/VCore_Total/3213/VCorePlain/255/VCoreVar/2958/Variants/512,932.7685177909999
Boolector/v-->p/V1*V2*V3*V4*V5*V6*V7*V8*V9*V10/Chc/3809/numPlain/1441/Compression/2.2627576375406533e-3/VCore_Total/3250/VCorePlain/235/VCoreVar/3015/Variants/1024,1928.3429918776667
Z3/v-->v/V1/Chc/558/numPlain/3898/Compression/0.6895279158140895/VCore_Total/1684/VCorePlain/1126/VCoreVar/558/Variants/2,1.1929956186666668
Z3/v-->v/V1*V2/Chc/1322/numPlain/3143/Compression/0.43001393608958216/VCore_Total/2309/VCorePlain/996/VCoreVar/1313/Variants/4,2.293966698333333
Z3/v-->v/V1*V2*V3/Chc/1400/numPlain/3081/Compression/0.22435286784508815/VCore_Total/2326/VCorePlain/951/VCoreVar/1375/Variants/8,3.4040018533333334
Z3/v-->v/V1*V2*V3*V4/Chc/1478/numPlain/3011/Compression/0.11778550160073432/VCore_Total/2374/VCorePlain/929/VCoreVar/1445/Variants/16,6.326970674666666
Z3/v-->v/V1*V2*V3*V4*V5/Chc/2159/numPlain/2695/Compression/6.495518204814074e-2/VCore_Total/2382/VCorePlain/621/VCoreVar/1761/Variants/32,15.067573709666666
Z3/v-->v/V1*V2*V3*V4*V5*V6/Chc/2827/numPlain/2152/Compression/3.38131445426035e-2/VCore_Total/2814/VCorePlain/510/VCoreVar/2304/Variants/64,37.233778832333336
Z3/v-->v/V1*V2*V3*V4*V5*V6*V7/Chc/3248/numPlain/1881/Compression/1.7402113646176727e-2/VCore_Total/2929/VCorePlain/354/VCoreVar/2575/Variants/128,81.23314451533334
Z3/v-->v/V1*V2*V3*V4*V5*V6*V7*V8/Chc/3633/numPlain/1562/Compression/8.931392725462844e-3/VCore_Total/3186/VCorePlain/292/VCoreVar/2894/Variants/256,174.086221421
Z3/v-->v/V1*V2*V3*V4*V5*V6*V7*V8*V9/Chc/3752/numPlain/1498/Compression/4.533901687595635e-3/VCore_Total/3213/VCorePlain/255/VCoreVar/2958/Variants/512,386.406374549
Z3/v-->v/V1*V2*V3*V4*V5*V6*V7*V8*V9*V10/Chc/3809/numPlain/1441/Compression/2.2627576375406533e-3/VCore_Total/3250/VCorePlain/235/VCoreVar/3015/Variants/1024,884.1937927996668
Z3/p-->v/V1/Chc/558/numPlain/3898/Compression/0.6895279158140895/VCore_Total/1684/VCorePlain/1126/VCoreVar/558/Variants/2,4.0478225886666666
Z3/p-->v/V1*V2/Chc/1322/numPlain/3143/Compression/0.43001393608958216/VCore_Total/2309/VCorePlain/996/VCoreVar/1313/Variants/4,9.123887537333333
Z3/p-->v/V1*V2*V3/Chc/1400/numPlain/3081/Compression/0.22435286784508815/VCore_Total/2326/VCorePlain/951/VCoreVar/1375/Variants/8,13.130224156333334
Z3/p-->v/V1*V2*V3*V4/Chc/1478/numPlain/3011/Compression/0.11778550160073432/VCore_Total/2374/VCorePlain/929/VCoreVar/1445/Variants/16,21.010727044333333
Z3/p-->v/V1*V2*V3*V4*V5/Chc/2159/numPlain/2695/Compression/6.495518204814074e-2/VCore_Total/2382/VCorePlain/621/VCoreVar/1761/Variants/32,43.731666389333334
Z3/p-->v/V1*V2*V3*V4*V5*V6/Chc/2827/numPlain/2152/Compression/3.38131445426035e-2/VCore_Total/2814/VCorePlain/510/VCoreVar/2304/Variants/64,89.47652656166667
Z3/p-->v/V1*V2*V3*V4*V5*V6*V7/Chc/3248/numPlain/1881/Compression/1.7402113646176727e-2/VCore_Total/2929/VCorePlain/354/VCoreVar/2575/Variants/128,178.06857946333332
Z3/p-->v/V1*V2*V3*V4*V5*V6*V7*V8/Chc/3633/numPlain/1562/Compression/8.931392725462844e-3/VCore_Total/3186/VCorePlain/292/VCoreVar/2894/Variants/256,349.24091485133334
Z3/p-->v/V1*V2*V3*V4*V5*V6*V7*V8*V9/Chc/3752/numPlain/1498/Compression/4.533901687595635e-3/VCore_Total/3213/VCorePlain/255/VCoreVar/2958/Variants/512,700.9160275966666
Z3/p-->v/V1*V2*V3*V4*V5*V6*V7*V8*V9*V10/Chc/3809/numPlain/1441/Compression/2.2627576375406533e-3/VCore_Total/3250/VCorePlain/235/VCoreVar/3015/Variants/1024,1399.9817603093334
Z3/p-->p/V1/Chc/558/numPlain/3898/Compression/0.6895279158140895/VCore_Total/1684/VCorePlain/1126/VCoreVar/558/Variants/2,4.089730334333333
Z3/p-->p/V1*V2/Chc/1322/numPlain/3143/Compression/0.43001393608958216/VCore_Total/2309/VCorePlain/996/VCoreVar/1313/Variants/4,9.471313805
Z3/p-->p/V1*V2*V3/Chc/1400/numPlain/3081/Compression/0.22435286784508815/VCore_Total/2326/VCorePlain/951/VCoreVar/1375/Variants/8,13.976338959666668
Z3/p-->p/V1*V2*V3*V4/Chc/1478/numPlain/3011/Compression/0.11778550160073432/VCore_Total/2374/VCorePlain/929/VCoreVar/1445/Variants/16,22.59882119
Z3/p-->p/V1*V2*V3*V4*V5/Chc/2159/numPlain/2695/Compression/6.495518204814074e-2/VCore_Total/2382/VCorePlain/621/VCoreVar/1761/Variants/32,51.011660213999996
Z3/p-->p/V1*V2*V3*V4*V5*V6/Chc/2827/numPlain/2152/Compression/3.38131445426035e-2/VCore_Total/2814/VCorePlain/510/VCoreVar/2304/Variants/64,112.970902187
Z3/p-->p/V1*V2*V3*V4*V5*V6*V7/Chc/3248/numPlain/1881/Compression/1.7402113646176727e-2/VCore_Total/2929/VCorePlain/354/VCoreVar/2575/Variants/128,226.55150907533334
Z3/p-->p/V1*V2*V3*V4*V5*V6*V7*V8/Chc/3633/numPlain/1562/Compression/8.931392725462844e-3/VCore_Total/3186/VCorePlain/292/VCoreVar/2894/Variants/256,454.3250447616667
Z3/p-->p/V1*V2*V3*V4*V5*V6*V7*V8*V9/Chc/3752/numPlain/1498/Compression/4.533901687595635e-3/VCore_Total/3213/VCorePlain/255/VCoreVar/2958/Variants/512,922.4974850736667
Z3/p-->p/V1*V2*V3*V4*V5*V6*V7*V8*V9*V10/Chc/3809/numPlain/1441/Compression/2.2627576375406533e-3/VCore_Total/3250/VCorePlain/235/VCoreVar/3015/Variants/1024,1866.204904457
Z3/v-->p/V1/Chc/558/numPlain/3898/Compression/0.6895279158140895/VCore_Total/1684/VCorePlain/1126/VCoreVar/558/Variants/2,4.050341714
Z3/v-->p/V1*V2/Chc/1322/numPlain/3143/Compression/0.43001393608958216/VCore_Total/2309/VCorePlain/996/VCoreVar/1313/Variants/4,9.643371464
Z3/v-->p/V1*V2*V3/Chc/1400/numPlain/3081/Compression/0.22435286784508815/VCore_Total/2326/VCorePlain/951/VCoreVar/1375/Variants/8,13.860606370666666
Z3/v-->p/V1*V2*V3*V4/Chc/1478/numPlain/3011/Compression/0.11778550160073432/VCore_Total/2374/VCorePlain/929/VCoreVar/1445/Variants/16,22.22065368433333
Z3/v-->p/V1*V2*V3*V4*V5/Chc/2159/numPlain/2695/Compression/6.495518204814074e-2/VCore_Total/2382/VCorePlain/621/VCoreVar/1761/Variants/32,50.472744256999995
Z3/v-->p/V1*V2*V3*V4*V5*V6/Chc/2827/numPlain/2152/Compression/3.38131445426035e-2/VCore_Total/2814/VCorePlain/510/VCoreVar/2304/Variants/64,111.934786881
Z3/v-->p/V1*V2*V3*V4*V5*V6*V7/Chc/3248/numPlain/1881/Compression/1.7402113646176727e-2/VCore_Total/2929/VCorePlain/354/VCoreVar/2575/Variants/128,224.64500973833333
Z3/v-->p/V1*V2*V3*V4*V5*V6*V7*V8/Chc/3633/numPlain/1562/Compression/8.931392725462844e-3/VCore_Total/3186/VCorePlain/292/VCoreVar/2894/Variants/256,453.65607888466667
Z3/v-->p/V1*V2*V3*V4*V5*V6*V7*V8*V9/Chc/3752/numPlain/1498/Compression/4.533901687595635e-3/VCore_Total/3213/VCorePlain/255/VCoreVar/2958/Variants/512,986.2143408046667
Z3/v-->p/V1*V2*V3*V4*V5*V6*V7*V8*V9*V10/Chc/3809/numPlain/1441/Compression/2.2627576375406533e-3/VCore_Total/3250/VCorePlain/235/VCoreVar/3015/Variants/1024,1907.2153198786666
